{
    "best_hyperparameters": {
        "hidden_size": 288,
        "learning_rate": 0.0018800118847900327,
        "optimizer": "adamw",
        "activation": "relu",
        "dropout_rate": 0.3998466527993291,
        "clip_value": 1.1518650819354024,
        "weight_init": "kaiming",
        "patience": 10,
        "batch_size": 64,
        "num_epochs": 106
    },
    "test_accuracies": [
        0.5801787796346677,
        0.5802565099106102,
        0.582821609016712,
        0.5788418188884571,
        0.5783987563155849,
        0.5766109599689079,
        0.5754838709677419,
        0.5686746987951807,
        0.5770151574038088,
        0.5747143412359114,
        0.5767586474931986,
        0.5746987951807229,
        0.5818966187329965,
        0.5783443451224252,
        0.5763466770307034,
        0.5817411581811115,
        0.5791216478818499,
        0.5747842984842596,
        0.5769296541002721,
        0.5736883015934706
    ],
    "val_accuracies": [
        0.5750093460083008,
        0.5786967873573303,
        0.5787901282310486,
        0.5748226642608643,
        0.5748226642608643,
        0.5744492411613464,
        0.5727688670158386,
        0.5657673478126526,
        0.5730489492416382,
        0.5708551406860352,
        0.5709484815597534,
        0.5716485977172852,
        0.5772031545639038,
        0.5749160051345825,
        0.5719753503799438,
        0.5790702104568481,
        0.5782300233840942,
        0.5703417062759399,
        0.5752894282341003,
        0.5718820095062256
    ],
    "statistics": {
        "mean_test_acc": 0.5773653322969297,
        "std_test_acc": 0.003230259734018727,
        "mean_val_acc": 0.5740268051624298,
        "std_val_acc": 0.0033228217647284074,
        "best_test_acc": 0.582821609016712,
        "worst_test_acc": 0.5686746987951807,
        "median_test_acc": 0.5769724057520405
    }
}